text,favorited,favoriteCount,replyToSN,created,truncated,replyToSID,id,replyToUID,statusSource,screenName,retweetCount,isRetweet,retweeted,longitude,latitude
"RT @WilmaSlurrie: Telstra's support for same sex marriage will be interrupted from 10.00 pm til 3.00 am every Thursday and Sunday.  
#Telst…",FALSE,0,NA,14/04/2016 10:33,FALSE,NA,7.20561E+17,NA,"<a href=""https://mobile.twitter.com"" rel=""nofollow"">Mobile Web (M2)</a>",jupjup159,5,TRUE,FALSE,NA,NA
"RT @WilmaSlurrie: Telstra's support for same sex marriage will be interrupted from 10.00 pm til 3.00 am every Thursday and Sunday.  
#Telst…",FALSE,0,NA,14/04/2016 10:25,FALSE,NA,7.20559E+17,NA,"<a href=""http://twitter.com"" rel=""nofollow"">Twitter Web Client</a>",GaryFallon2,5,TRUE,FALSE,NA,NA
"RT @WilmaSlurrie: Telstra's support for same sex marriage will be interrupted from 10.00 pm til 3.00 am every Thursday and Sunday.  
#Telst…",FALSE,0,NA,14/04/2016 10:24,FALSE,NA,7.20558E+17,NA,"<a href=""http://twitter.com/download/iphone"" rel=""nofollow"">Twitter for iPhone</a>",dahalliwell61,5,TRUE,FALSE,NA,NA
"RT @WilmaSlurrie: Telstra's support for same sex marriage will be interrupted from 10.00 pm til 3.00 am every Thursday and Sunday.  
#Telst…",FALSE,0,NA,14/04/2016 9:56,FALSE,NA,7.20551E+17,NA,"<a href=""http://twitter.com"" rel=""nofollow"">Twitter Web Client</a>",suthernx,5,TRUE,FALSE,NA,NA
.@Telstra is discriminating against me and only giving me 3G signal #TelstraOutage #equaldata,FALSE,2,NA,14/04/2016 8:29,FALSE,NA,7.20529E+17,NA,"<a href=""http://twitter.com/download/iphone"" rel=""nofollow"">Twitter for iPhone</a>",deandavidgray,0,FALSE,FALSE,NA,NA
RT @jasmaswes: S l o w  c l a p #TelstraOutage https://t.co/FrUCERghoJ,FALSE,0,NA,14/04/2016 7:00,FALSE,NA,7.20507E+17,NA,"<a href=""http://twitter.com"" rel=""nofollow"">Twitter Web Client</a>",bcrofty,7,TRUE,FALSE,NA,NA
"RT @BedBugsBaby: My mum is awesome - #TelstraOutage from supporting #marriageequality - ""a basic human right""! @vanbadham https://t.co/J131…",FALSE,0,NA,14/04/2016 4:43,FALSE,NA,7.20472E+17,NA,"<a href=""http://twitter.com/download/android"" rel=""nofollow"">Twitter for Android</a>",Taco_Lad,2,TRUE,FALSE,NA,NA
"RT @BedBugsBaby: My mum is awesome - #TelstraOutage from supporting #marriageequality - ""a basic human right""! @vanbadham https://t.co/J131…",FALSE,0,NA,14/04/2016 4:40,FALSE,NA,7.20472E+17,NA,"<a href=""http://tapbots.com/tweetbot"" rel=""nofollow"">Tweetbot for i<U+039F>S</a>",vanbadham,2,TRUE,FALSE,NA,NA
"My mum is awesome - #TelstraOutage from supporting #marriageequality - ""a basic human right""! @vanbadham https://t.co/J131lFXOSK",FALSE,15,NA,14/04/2016 4:35,FALSE,NA,7.20471E+17,NA,"<a href=""http://twitter.com/download/iphone"" rel=""nofollow"">Twitter for iPhone</a>",BedBugsBaby,2,FALSE,FALSE,NA,NA
@Telstra @Telstra_news Good Bye! I will be taking my business elsewhere! #MarriageEquality #Telstra #TelstraOutage,FALSE,1,Telstra,14/04/2016 2:21,FALSE,NA,7.20437E+17,61636429,"<a href=""http://twitter.com/download/iphone"" rel=""nofollow"">Twitter for iPhone</a>",stevenrussellj,0,FALSE,FALSE,NA,NA
@Telstra is there a #TelstraOutage in the #Birkdale #queensland area? Cloud based office ground to a halt with no internet.,FALSE,0,Telstra,14/04/2016 0:06,FALSE,NA,7.20403E+17,61636429,"<a href=""http://twitter.com/download/android"" rel=""nofollow"">Twitter for Android</a>",aegisbooks,0,FALSE,FALSE,NA,NA
"RT @imnickbell: Really disappointed in @Telstra #TelstraOutage wasn't good but retracting #marriageequality support is weak, shameful and m…",FALSE,0,NA,13/04/2016 23:25,FALSE,NA,7.20393E+17,NA,"<a href=""http://twitter.com/download/android"" rel=""nofollow"">Twitter for Android</a>",ivan_filios,6,TRUE,FALSE,NA,NA
. @Optus I'm sorry I've stayed away so long but will you have me? And all my gays? <ed><U+00A0><U+00BC><ed><U+00BC><U+0088><ed><U+00A0><U+00BD><ed><U+00B1><U+00AD> #TelstraOutage,FALSE,0,NA,13/04/2016 22:50,FALSE,NA,7.20384E+17,NA,"<a href=""http://twitter.com/download/iphone"" rel=""nofollow"">Twitter for iPhone</a>",akwest1,0,FALSE,FALSE,NA,NA
"RT @imnickbell: Really disappointed in @Telstra #TelstraOutage wasn't good but retracting #marriageequality support is weak, shameful and m…",FALSE,0,NA,13/04/2016 22:12,FALSE,NA,7.20374E+17,NA,"<a href=""http://twitter.com/download/iphone"" rel=""nofollow"">Twitter for iPhone</a>",flipyrthinking,6,TRUE,FALSE,NA,NA
"RT @imnickbell: Really disappointed in @Telstra #TelstraOutage wasn't good but retracting #marriageequality support is weak, shameful and m…",FALSE,0,NA,13/04/2016 12:26,FALSE,NA,7.20227E+17,NA,"<a href=""http://twitter.com/download/iphone"" rel=""nofollow"">Twitter for iPhone</a>",sethdarby,6,TRUE,FALSE,NA,NA
RT @jcalabra: The Catholic Church must have a HELL of a lot on money invested in this company.A HELL of a lot #TelstraOutage https://t.co/r…,FALSE,0,NA,13/04/2016 12:03,FALSE,NA,7.20221E+17,NA,"<a href=""http://twitter.com/#!/download/ipad"" rel=""nofollow"">Twitter for iPad</a>",ozpsych,4,TRUE,FALSE,NA,NA
#TelstraOutage  https://t.co/qRqoxJQRT4,FALSE,0,NA,13/04/2016 12:01,FALSE,NA,7.2022E+17,NA,"<a href=""https://about.twitter.com/products/tweetdeck"" rel=""nofollow"">TweetDeck</a>",rightfuture,0,FALSE,FALSE,NA,NA
RT @jcalabra: The Catholic Church must have a HELL of a lot on money invested in this company.A HELL of a lot #TelstraOutage https://t.co/r…,FALSE,0,NA,13/04/2016 11:47,FALSE,NA,7.20217E+17,NA,"<a href=""http://twitter.com/#!/download/ipad"" rel=""nofollow"">Twitter for iPad</a>",AntiAbbottAust,4,TRUE,FALSE,NA,NA
RT @jcalabra: The Catholic Church must have a HELL of a lot on money invested in this company.A HELL of a lot #TelstraOutage https://t.co/r…,FALSE,0,NA,13/04/2016 11:45,FALSE,NA,7.20216E+17,NA,"<a href=""http://www.tweetings.net"" rel=""nofollow"">Tweetings for Android</a>",WickBurner,4,TRUE,FALSE,NA,NA
RT @jasmaswes: S l o w  c l a p #TelstraOutage https://t.co/FrUCERghoJ,FALSE,0,NA,13/04/2016 11:30,FALSE,NA,7.20212E+17,NA,"<a href=""http://twitter.com/download/iphone"" rel=""nofollow"">Twitter for iPhone</a>",pezlaz25,7,TRUE,FALSE,NA,NA
RT @jasmaswes: S l o w  c l a p #TelstraOutage https://t.co/FrUCERghoJ,FALSE,0,NA,13/04/2016 11:26,FALSE,NA,7.20212E+17,NA,"<a href=""http://twitter.com/download/android"" rel=""nofollow"">Twitter for Android</a>",mikelmoss,7,TRUE,FALSE,NA,NA
"RT @imnickbell: Really disappointed in @Telstra #TelstraOutage wasn't good but retracting #marriageequality support is weak, shameful and m…",FALSE,0,NA,13/04/2016 11:21,FALSE,NA,7.2021E+17,NA,"<a href=""http://twitter.com/download/iphone"" rel=""nofollow"">Twitter for iPhone</a>",treesrfine,6,TRUE,FALSE,NA,NA
"RT @imnickbell: Really disappointed in @Telstra #TelstraOutage wasn't good but retracting #marriageequality support is weak, shameful and m…",FALSE,0,NA,13/04/2016 11:19,FALSE,NA,7.2021E+17,NA,"<a href=""http://twitter.com/download/iphone"" rel=""nofollow"">Twitter for iPhone</a>",EddyJokovich,6,TRUE,FALSE,NA,NA
"RT @imnickbell: Really disappointed in @Telstra #TelstraOutage wasn't good but retracting #marriageequality support is weak, shameful and m…",FALSE,0,NA,13/04/2016 11:18,FALSE,NA,7.2021E+17,NA,"<a href=""http://twitter.com"" rel=""nofollow"">Twitter Web Client</a>",Dani_Rothwell,6,TRUE,FALSE,NA,NA
"Really disappointed in @Telstra #TelstraOutage wasn't good but retracting #marriageequality support is weak, shameful and misguided #fail",FALSE,6,NA,13/04/2016 11:17,FALSE,NA,7.20209E+17,NA,"<a href=""http://twitter.com/download/android"" rel=""nofollow"">Twitter for Android</a>",imnickbell,6,FALSE,FALSE,NA,NA
RT @gavinwilliams85: I’m gonna start using my @Telstra data exclusively for Grindr and hardcore gay porn. #auspol #TelstraCowards #catholic…,FALSE,0,NA,13/04/2016 11:13,FALSE,NA,7.20208E+17,NA,"<a href=""http://twitter.com/#!/download/ipad"" rel=""nofollow"">Twitter for iPad</a>",mavrickland,2,TRUE,FALSE,NA,NA
RT @gavinwilliams85: I’m gonna start using my @Telstra data exclusively for Grindr and hardcore gay porn. #auspol #TelstraCowards #catholic…,FALSE,0,NA,13/04/2016 11:08,FALSE,NA,7.20207E+17,NA,"<a href=""http://twitter.com"" rel=""nofollow"">Twitter Web Client</a>",HyperConverg,2,TRUE,FALSE,NA,NA
I’m gonna start using my @Telstra data exclusively for Grindr and hardcore gay porn. #auspol #TelstraCowards #catholicchurch #TelstraOutage,FALSE,2,NA,13/04/2016 11:01,FALSE,NA,7.20205E+17,NA,"<a href=""http://tapbots.com/tweetbot"" rel=""nofollow"">Tweetbot for i<U+039F>S</a>",gavinwilliams85,2,FALSE,FALSE,NA,NA
RT @jasmaswes: S l o w  c l a p #TelstraOutage https://t.co/FrUCERghoJ,FALSE,0,NA,13/04/2016 10:33,FALSE,NA,7.20198E+17,NA,"<a href=""http://twitter.com"" rel=""nofollow"">Twitter Web Client</a>",juzstevo,7,TRUE,FALSE,NA,NA
RT @jasmaswes: S l o w  c l a p #TelstraOutage https://t.co/FrUCERghoJ,FALSE,0,NA,13/04/2016 10:30,FALSE,NA,7.20197E+17,NA,"<a href=""http://twitter.com/download/iphone"" rel=""nofollow"">Twitter for iPhone</a>",Hasa81,7,TRUE,FALSE,NA,NA
RT @jasmaswes: S l o w  c l a p #TelstraOutage https://t.co/FrUCERghoJ,FALSE,0,NA,13/04/2016 10:29,FALSE,NA,7.20197E+17,NA,"<a href=""http://twitter.com/#!/download/ipad"" rel=""nofollow"">Twitter for iPad</a>",flameovsthecity,7,TRUE,FALSE,NA,NA
RT @jasmaswes: S l o w  c l a p #TelstraOutage https://t.co/FrUCERghoJ,FALSE,0,NA,13/04/2016 10:26,FALSE,NA,7.20196E+17,NA,"<a href=""http://twitter.com/download/android"" rel=""nofollow"">Twitter for Android</a>",Mr_Fanta_Pants,7,TRUE,FALSE,NA,NA
S l o w  c l a p #TelstraOutage https://t.co/FrUCERghoJ,FALSE,7,NA,13/04/2016 10:26,FALSE,NA,7.20196E+17,NA,"<a href=""http://twitter.com/download/android"" rel=""nofollow"">Twitter for Android</a>",jasmaswes,7,FALSE,FALSE,NA,NA
"So Telstra, how much does supporting freedom cost? 

#TelstraOutage #Catholic #Pigs",FALSE,0,NA,13/04/2016 9:55,FALSE,NA,7.20189E+17,NA,"<a href=""http://twitter.com/download/android"" rel=""nofollow"">Twitter for Android</a>",alphabetpoop,0,FALSE,FALSE,NA,NA
"#telstra just trying to take the emphasis off their lousy service.
#TelstraOutage",FALSE,0,NA,13/04/2016 9:53,FALSE,NA,7.20188E+17,NA,"<a href=""http://twitter.com/download/android"" rel=""nofollow"">Twitter for Android</a>",kingkahui75,0,FALSE,FALSE,NA,NA
#telstraoutage I'm with dodo and which runs via a Telstra phone line and that's down too,FALSE,0,NA,13/04/2016 9:03,FALSE,NA,7.20176E+17,NA,"<a href=""http://twitter.com/download/iphone"" rel=""nofollow"">Twitter for iPhone</a>",bdstratton,0,FALSE,FALSE,NA,NA
"RT @WilmaSlurrie: Telstra's support for same sex marriage will be interrupted from 10.00 pm til 3.00 am every Thursday and Sunday.  
#Telst…",FALSE,0,NA,13/04/2016 9:00,FALSE,NA,7.20175E+17,NA,"<a href=""http://twitter.com/download/android"" rel=""nofollow"">Twitter for Android</a>",absolutelyallan,5,TRUE,FALSE,NA,NA
"Telstra's support for same sex marriage will be interrupted from 10.00 pm til 3.00 am every Thursday and Sunday.  
#TelstraOutage",FALSE,5,NA,13/04/2016 8:54,FALSE,NA,7.20173E+17,NA,"<a href=""http://twitter.com"" rel=""nofollow"">Twitter Web Client</a>",WilmaSlurrie,5,FALSE,FALSE,NA,NA
"@Telstra @Telstra_news fuck you, I will never support your brand ever again you backward cowards! #TelstraOutage",FALSE,0,Telstra,13/04/2016 8:32,FALSE,NA,7.20168E+17,61636429,"<a href=""http://twitter.com/download/iphone"" rel=""nofollow"">Twitter for iPhone</a>",vulture_street,0,FALSE,FALSE,NA,NA
What a disaster Telstra. You never give in to terrorism!! #TelstraOutage,FALSE,0,NA,13/04/2016 7:56,FALSE,NA,7.20159E+17,NA,"<a href=""http://twitter.com/download/iphone"" rel=""nofollow"">Twitter for iPhone</a>",aminutewithkris,0,FALSE,FALSE,NA,NA
@Telstra_news @Telstra service &amp; Catholic Church service both grossly inadequate for the needs of the 21st century #telstraoutage #equality,FALSE,2,Telstra_news,13/04/2016 7:45,FALSE,7.20087E+17,7.20156E+17,217062138,"<a href=""http://twitter.com/download/iphone"" rel=""nofollow"">Twitter for iPhone</a>",b_daly,0,FALSE,FALSE,NA,NA
RT @_thomasparkes: @Telstra won't sell me a male to male wall socket. #Homophobes #Telstra #TelstraOutage,FALSE,0,NA,13/04/2016 7:09,FALSE,NA,7.20147E+17,NA,"<a href=""http://twitter.com/download/iphone"" rel=""nofollow"">Twitter for iPhone</a>",ChrisWalkerMelb,1,TRUE,FALSE,NA,NA
@Telstra won't sell me a male to male wall socket. #Homophobes #Telstra #TelstraOutage,FALSE,1,Telstra,13/04/2016 6:17,FALSE,NA,7.20134E+17,61636429,"<a href=""http://twitter.com"" rel=""nofollow"">Twitter Web Client</a>",_thomasparkes,1,FALSE,FALSE,NA,NA
RT @jcalabra: The Catholic Church must have a HELL of a lot on money invested in this company.A HELL of a lot #TelstraOutage https://t.co/r…,FALSE,0,NA,13/04/2016 5:52,FALSE,NA,7.20128E+17,NA,"<a href=""http://twitter.com/download/iphone"" rel=""nofollow"">Twitter for iPhone</a>",PeterMaddern55,4,TRUE,FALSE,NA,NA
Perhaps @Telstra are hoping for another #TelstraOutage to stop people from calling to leave? https://t.co/jjZnUVCk3a,FALSE,1,NA,13/04/2016 5:27,FALSE,NA,7.20121E+17,NA,"<a href=""http://twitter.com"" rel=""nofollow"">Twitter Web Client</a>",THNsyd,0,FALSE,FALSE,NA,NA
The Catholic Church must have a HELL of a lot on money invested in this company.A HELL of a lot #TelstraOutage https://t.co/rqLangOU1u,FALSE,3,NA,13/04/2016 5:09,FALSE,NA,7.20117E+17,NA,"<a href=""http://twitter.com/download/android"" rel=""nofollow"">Twitter for Android</a>",jcalabra,4,FALSE,FALSE,NA,NA
Dear Telstra please sort your shit out as well as your shit Internet. Thanks. #Telstra #TelstraOutage #telstradata,FALSE,1,NA,13/04/2016 4:12,FALSE,NA,7.20102E+17,NA,"<a href=""http://twitter.com/download/android"" rel=""nofollow"">Twitter for Android</a>",SarahStarsky,0,FALSE,FALSE,NA,NA
@AMEQUALITY @brisbanecityqld is there a risk those rainbow colours will cause a #TelstraOutage ?,FALSE,0,AMEQUALITY,13/04/2016 3:26,FALSE,7.20088E+17,7.20091E+17,321680981,"<a href=""http://twitter.com"" rel=""nofollow"">Twitter Web Client</a>",FyfePeter,0,FALSE,FALSE,NA,NA
Telstra just told a customer that support for gay marriage is 'ideology' (via @BIAUS) https://t.co/TO4FnuvBch  #Telstra #TelstraOutage #Weak,FALSE,0,NA,13/04/2016 3:02,FALSE,NA,7.20085E+17,NA,"<a href=""http://twitter.com"" rel=""nofollow"">Twitter Web Client</a>",turtlecoversrt,0,FALSE,FALSE,NA,NA
"#TelstraOutage Oh dear, it seems that https://t.co/g9SJ5DcJOQ is still down. :( /@Telstra #Telstra",FALSE,0,NA,13/04/2016 2:49,FALSE,NA,7.20082E+17,NA,"<a href=""https://about.twitter.com/products/tweetdeck"" rel=""nofollow"">TweetDeck</a>",philhart,0,FALSE,FALSE,NA,NA
I love how Catholic Church is trending for all the wrong reasons #TelstraOutage,FALSE,0,NA,13/04/2016 2:39,FALSE,NA,7.20079E+17,NA,"<a href=""http://twitter.com/download/android"" rel=""nofollow"">Twitter for Android</a>",Samarkhand,0,FALSE,FALSE,NA,NA
@Telstra yesterday I was 1.5h from Melbourne and could hardly get mobile signal. What is the site to check outages? :) #TelstraOutage,FALSE,0,Telstra,13/04/2016 2:19,FALSE,NA,7.20074E+17,61636429,"<a href=""http://twitter.com"" rel=""nofollow"">Twitter Web Client</a>",SamBe11,0,FALSE,FALSE,NA,NA
#TelstraOutage ftw! Since Sunday I have had to deal wit dial-up speed. @Telstra,FALSE,0,NA,13/04/2016 1:43,FALSE,NA,7.20065E+17,NA,"<a href=""http://twitter.com"" rel=""nofollow"">Twitter Web Client</a>",ArsamtheAwesome,0,FALSE,FALSE,NA,NA
@Telstra backs down on #SSM after Catholic Church threatens to excommunicate its telephone lines. #TelstraOutage,FALSE,0,Telstra,13/04/2016 1:35,FALSE,NA,7.20063E+17,61636429,"<a href=""http://twitter.com"" rel=""nofollow"">Twitter Web Client</a>",64AnthonyP,0,FALSE,FALSE,NA,NA
#telstraoutage since March 20 - fed up!!!,FALSE,0,NA,12/04/2016 23:17,FALSE,NA,7.20028E+17,NA,"<a href=""http://twitter.com"" rel=""nofollow"">Twitter Web Client</a>",StaceyCopas,0,FALSE,FALSE,NA,NA
@Telstra more outages this morning #TelstraOutage enough is enough,FALSE,0,Telstra,12/04/2016 23:10,FALSE,NA,7.20026E+17,61636429,"<a href=""http://twitter.com/download/iphone"" rel=""nofollow"">Twitter for iPhone</a>",AltaModaSydney,0,FALSE,FALSE,NA,NA
@telstra is there another outage? #telstraoutage,FALSE,0,Telstra,12/04/2016 3:17,FALSE,NA,7.19726E+17,61636429,"<a href=""http://twitter.com/download/iphone"" rel=""nofollow"">Twitter for iPhone</a>",laurawallbridge,0,FALSE,FALSE,NA,NA
@Telstra What is going on today?? #TelstraOutage https://t.co/I7OLY7pmEr,FALSE,2,Telstra,12/04/2016 2:10,FALSE,NA,7.19709E+17,61636429,"<a href=""http://twitter.com"" rel=""nofollow"">Twitter Web Client</a>",habboqueenswag,0,FALSE,FALSE,NA,NA
@Telstra no coverage Fitzroy. #telstraoutage,FALSE,0,Telstra,12/04/2016 0:58,FALSE,NA,7.19691E+17,61636429,"<a href=""http://twitter.com/download/iphone"" rel=""nofollow"">Twitter for iPhone</a>",SilversAndrew,0,FALSE,FALSE,NA,NA
Someone forgot to turn #telstra on again this morning. Hardly enough coverage to send a Tweet. #telstraoutage @TurnbullMalcolm,FALSE,3,NA,11/04/2016 21:49,FALSE,NA,7.19644E+17,NA,"<a href=""http://www.twitter.com"" rel=""nofollow"">Twitter for BlackBerry</a>",RustyStainless,0,FALSE,FALSE,NA,NA
#TelstraOutage ... says it all https://t.co/2ntrKHtAUC,FALSE,0,NA,11/04/2016 12:20,FALSE,NA,7.195E+17,NA,"<a href=""http://twitter.com/download/android"" rel=""nofollow"">Twitter for Android</a>",david_noble,0,FALSE,FALSE,NA,NA
#PottsPoint #telstra customers get NO advance warning of #TelstraOutage NO compensation offer NO apology @Telstra Switching carrier soon,FALSE,1,NA,11/04/2016 9:33,FALSE,NA,7.19458E+17,NA,"<a href=""http://twitter.com/download/iphone"" rel=""nofollow"">Twitter for iPhone</a>",greekmcchic,0,FALSE,FALSE,NA,NA
"#PottsPoint #TelstraOutage we were told would be until 4 April, @Telstra shop today advises the lack of service will be until 18TH APRIL !",FALSE,0,NA,11/04/2016 9:31,FALSE,NA,7.19458E+17,NA,"<a href=""http://twitter.com/download/iphone"" rel=""nofollow"">Twitter for iPhone</a>",greekmcchic,0,FALSE,FALSE,NA,NA
"28   hehehe
""A company that has a reliable network""
#TelstraOutage",FALSE,0,NA,11/04/2016 7:03,FALSE,NA,7.19421E+17,NA,"<a href=""http://twitter.com"" rel=""nofollow"">Twitter Web Client</a>",JrehnJ,0,FALSE,FALSE,NA,NA
@MJMcKean There seems to be always a scandal at @Telstra as their service keeps dropping out and is in shambles.#Telstra #TelstraOutage,FALSE,0,MJMcKean,11/04/2016 5:30,FALSE,7.19343E+17,7.19397E+17,39097715,"<a href=""http://twitter.com"" rel=""nofollow"">Twitter Web Client</a>",SirBenKenobi,0,FALSE,FALSE,NA,NA
So over it. My data has not been working all day #TelstraOutage https://t.co/1xTFqXbMh3,FALSE,0,NA,11/04/2016 4:33,FALSE,NA,7.19383E+17,NA,"<a href=""http://twitter.com/download/iphone"" rel=""nofollow"">Twitter for iPhone</a>",CaitlinDidic,0,FALSE,FALSE,NA,NA
RT @RustyStainless: .#telstraoutage https://t.co/ox4x7PS9rw,FALSE,0,NA,11/04/2016 2:03,FALSE,NA,7.19345E+17,NA,"<a href=""http://twitter.com"" rel=""nofollow"">Twitter Web Client</a>",WingRecon,1,TRUE,FALSE,NA,NA
.#telstraoutage https://t.co/ox4x7PS9rw,FALSE,1,NA,11/04/2016 2:00,FALSE,NA,7.19344E+17,NA,"<a href=""http://twitter.com"" rel=""nofollow"">Twitter Web Client</a>",RustyStainless,1,FALSE,FALSE,NA,NA
@Telstra you fkn reckon??? How about every day for the last month?? #telstruggle #TelstraOutage https://t.co/Cs7Duc41nY,FALSE,1,Telstra,11/04/2016 1:44,FALSE,NA,7.1934E+17,61636429,"<a href=""http://twitter.com/download/iphone"" rel=""nofollow"">Twitter for iPhone</a>",AeonMinder,0,FALSE,FALSE,NA,NA
"@Telstra Actually according to YOUR LINK YOUR experiencing long delays!!
Priceless!! #telstraoutage #telstraoutoftheirminds #iwantadiscount",FALSE,0,Telstra,11/04/2016 1:16,FALSE,7.19326E+17,7.19333E+17,61636429,"<a href=""http://twitter.com"" rel=""nofollow"">Twitter Web Client</a>",GeorgiaWesten,0,FALSE,FALSE,NA,NA
@Telstra Why is my bill more after a 2 week outage? #telstra #telstraoutage #telstrahopless #telstranoservice,FALSE,0,Telstra,11/04/2016 0:16,FALSE,NA,7.19318E+17,61636429,"<a href=""http://twitter.com"" rel=""nofollow"">Twitter Web Client</a>",GeorgiaWesten,0,FALSE,FALSE,NA,NA
Gutted... Minutes to go in #AFLDogsHawks nail-biter @Telstra does it again @afl #TelstraOutage #aflapp https://t.co/JWHELYIX7C,FALSE,1,NA,10/04/2016 8:05,FALSE,NA,7.19074E+17,NA,"<a href=""http://twitter.com/download/iphone"" rel=""nofollow"">Twitter for iPhone</a>",krisvanston,0,FALSE,FALSE,NA,NA
@Telstra What is happening in Mont Albert Victoria? just been told we will have no internet for 3 days?! no info on website #TelstraOutage,FALSE,0,Telstra,9/04/2016 4:15,FALSE,NA,7.18653E+17,61636429,"<a href=""http://twitter.com/download/iphone"" rel=""nofollow"">Twitter for iPhone</a>",KateyPattinson,0,FALSE,FALSE,NA,NA
"We have no internet and no phone connection for the last 2 days. What's going on? Post code-6103, Rivervale, WA.#TelstraOutage",FALSE,0,NA,9/04/2016 4:12,FALSE,NA,7.18653E+17,NA,"<a href=""http://twitter.com/download/android"" rel=""nofollow"">Twitter for Android</a>",sanran100,0,FALSE,FALSE,NA,NA
Dammit! My phone needs a bunch of app &amp; software updates AGAIN <ed><U+00A0><U+00BD><ed><U+00B8><U+00A1> Time for another #TelstraOutage so we get another #datafreeday #Telstra,FALSE,0,NA,9/04/2016 0:35,FALSE,NA,7.18598E+17,NA,"<a href=""http://twitter.com/download/iphone"" rel=""nofollow"">Twitter for iPhone</a>",Ramy_AK,0,FALSE,FALSE,NA,NA
RT @UWALawSchool: #TelstraOutage - Entitled to more than a free data day? Assoc/Prof Aviva Freilich explains https://t.co/kCqvigpdic https:…,FALSE,0,NA,9/04/2016 0:10,FALSE,NA,7.18592E+17,NA,"<a href=""http://twitter.com/download/iphone"" rel=""nofollow"">Twitter for iPhone</a>",Ejetech68,1,TRUE,FALSE,NA,NA
"RT @onehandclappin1: Telstra, *sigh* #Telstra #TelstraOutage #again #clowns https://t.co/z3IOjdrmr4",FALSE,0,NA,8/04/2016 8:30,FALSE,NA,7.18355E+17,NA,"<a href=""http://tapbots.com/tweetbot"" rel=""nofollow"">Tweetbot for i<U+039F>S</a>",MadKiwiinNZ,2,TRUE,FALSE,NA,NA
@Telstra Your service is a disgrace. #TelFraud #TelstraOutage #Telstra,FALSE,1,Telstra,8/04/2016 8:24,FALSE,NA,7.18354E+17,61636429,"<a href=""http://twitter.com"" rel=""nofollow"">Twitter Web Client</a>",UniqueImagesAus,0,FALSE,FALSE,NA,NA
"EDGE? I'm on The Edge network atm, that's how patchy your reception is. @Telstra #telstraoutage",FALSE,0,NA,8/04/2016 7:57,FALSE,NA,7.18347E+17,NA,"<a href=""http://twitter.com/download/iphone"" rel=""nofollow"">Twitter for iPhone</a>",carmen________,0,FALSE,FALSE,NA,NA
"RT @onehandclappin1: Telstra, *sigh* #Telstra #TelstraOutage #again #clowns https://t.co/z3IOjdrmr4",FALSE,0,NA,8/04/2016 6:54,FALSE,NA,7.18331E+17,NA,"<a href=""http://twitter.com/download/iphone"" rel=""nofollow"">Twitter for iPhone</a>",zuelmasterling,2,TRUE,FALSE,NA,NA
"Telstra, *sigh* #Telstra #TelstraOutage #again #clowns https://t.co/z3IOjdrmr4",FALSE,0,NA,8/04/2016 6:34,FALSE,NA,7.18326E+17,NA,"<a href=""http://twitter.com"" rel=""nofollow"">Twitter Web Client</a>",onehandclappin1,2,FALSE,FALSE,NA,NA
Another Telstra outage for home internet with a 3 day etc and no explanation. @Telstra  anymore more info? #TelstraOutage,FALSE,2,NA,8/04/2016 6:08,FALSE,NA,7.1832E+17,NA,"<a href=""http://twitter.com/download/android"" rel=""nofollow"">Twitter for Android</a>",a_kompos,0,FALSE,FALSE,NA,NA
"RT @thegeekhub: #CyberSecurity News at #TheGeekHub https://t.co/xYqYgnq4aL

#technews #infosec #News #TelstraOutage #FBIvsApple https://t.c…",FALSE,0,NA,8/04/2016 5:15,FALSE,NA,7.18306E+17,NA,"<a href=""http://industriousdigital.com"" rel=""nofollow"">techgurgitator-autopost</a>",TechGurgitator,2,TRUE,FALSE,NA,NA
"RT @thegeekhub: #CyberSecurity News at #TheGeekHub https://t.co/xYqYgnq4aL

#technews #infosec #News #TelstraOutage #FBIvsApple https://t.c…",FALSE,0,NA,8/04/2016 5:10,FALSE,NA,7.18305E+17,NA,"<a href=""https://ho.com"" rel=""nofollow"">auto is the only way it can be </a>",sectest9,2,TRUE,FALSE,NA,NA
"#CyberSecurity News at #TheGeekHub https://t.co/xYqYgnq4aL

#technews #infosec #News #TelstraOutage #FBIvsApple https://t.co/JlYGePh6CX",FALSE,0,NA,8/04/2016 5:10,FALSE,NA,7.18305E+17,NA,"<a href=""http://twitter.com"" rel=""nofollow"">Twitter Web Client</a>",thegeekhub,2,FALSE,FALSE,NA,NA
#TelstraOutage  no internet for the next 4 days . family and kids are already pissed off. Thanks #Telstra,FALSE,1,NA,7/04/2016 12:24,FALSE,NA,7.18052E+17,NA,"<a href=""http://twitter.com/download/iphone"" rel=""nofollow"">Twitter for iPhone</a>",SubiSubhojitdeb,0,FALSE,FALSE,NA,NA
Is anyone else have tech issues with Telstra broadband/cable #TelstraOutage #telstraissoshit,FALSE,1,NA,7/04/2016 9:52,FALSE,NA,7.18014E+17,NA,"<a href=""http://twitter.com/download/iphone"" rel=""nofollow"">Twitter for iPhone</a>",kammcm,0,FALSE,FALSE,NA,NA
RT @TelecomAsia: Telstra conducting network review after outages. https://t.co/lGGTdLXBur #TelstraOutage #Telstra,FALSE,0,NA,7/04/2016 7:45,FALSE,NA,7.17982E+17,NA,"<a href=""http://twitter.com/download/iphone"" rel=""nofollow"">Twitter for iPhone</a>",adeelkhan77,1,TRUE,FALSE,NA,NA
Telstra conducting network review after outages. https://t.co/lGGTdLXBur #TelstraOutage #Telstra,FALSE,0,NA,7/04/2016 7:22,FALSE,NA,7.17976E+17,NA,"<a href=""http://twitter.com"" rel=""nofollow"">Twitter Web Client</a>",TelecomAsia,1,FALSE,FALSE,NA,NA
#TelstraOutage is permanent in Coolangatta.,FALSE,0,NA,7/04/2016 4:34,FALSE,NA,7.17934E+17,NA,"<a href=""http://twitter.com/download/iphone"" rel=""nofollow"">Twitter for iPhone</a>",naturalfooter,0,FALSE,FALSE,NA,NA
#TelstraOutage - Entitled to more than a free data day? Assoc/Prof Aviva Freilich explains https://t.co/kCqvigpdic https://t.co/DWciurFoB1,FALSE,2,NA,7/04/2016 2:46,FALSE,NA,7.17906E+17,NA,"<a href=""http://twitter.com"" rel=""nofollow"">Twitter Web Client</a>",UWALawSchool,1,FALSE,FALSE,NA,NA
@Telstra @Foxtel how does a service start working after 2 days with zero communications from any service provider #TelstraOutage #hopeless,FALSE,1,davidclloyd,6/04/2016 23:18,FALSE,7.17697E+17,7.17854E+17,62443333,"<a href=""http://twitter.com/download/iphone"" rel=""nofollow"">Twitter for iPhone</a>",davidclloyd,0,FALSE,FALSE,NA,NA
"@Telstra The reason behind last nites #TelstraOutage #TelstraGate, it's just not funny anymore. Compensation please https://t.co/xcMC3D4kre",FALSE,0,Telstra,6/04/2016 21:11,FALSE,NA,7.17822E+17,61636429,"<a href=""http://twitter.com"" rel=""nofollow"">Twitter Web Client</a>",Bomberboy88,0,FALSE,FALSE,NA,NA
Businesses out of pocket after #Telstra’s nationwide outage... https://t.co/QZn8AO78yr #telstraoutage #telstraoutages,FALSE,1,NA,6/04/2016 14:54,FALSE,NA,7.17727E+17,NA,"<a href=""http://www.google.com/"" rel=""nofollow"">Google</a>",alicesttu,0,FALSE,FALSE,NA,NA
@Telstra @foxtel #incompetence to the extreme side #NINews #currentaffairs outages over many days is crap #telstraoutage,FALSE,0,Telstra,6/04/2016 12:55,FALSE,7.17696E+17,7.17697E+17,61636429,"<a href=""http://twitter.com/download/iphone"" rel=""nofollow"">Twitter for iPhone</a>",davidclloyd,0,FALSE,FALSE,NA,NA
@FOXTEL_Help @foxtel @telstra it is still down with no plan or communication to resolve #incompetence all round f'n #useless #TelstraOutage,FALSE,1,FOXTEL_Help,6/04/2016 12:54,FALSE,7.17628E+17,7.17697E+17,384737091,"<a href=""http://twitter.com/download/iphone"" rel=""nofollow"">Twitter for iPhone</a>",davidclloyd,0,FALSE,FALSE,NA,NA
"Looks like another #TelstraOutage
3922",FALSE,0,NA,6/04/2016 12:18,FALSE,NA,7.17688E+17,NA,"<a href=""http://twitter.com/download/android"" rel=""nofollow"">Twitter for Android</a>",Deb838,0,FALSE,FALSE,NA,NA
@BLKMGK01 aaaww shucks! Thankfully I pick up coverage when I'm out and some wi-fi.  Crazy isn't it??? #telstraoutage #telstrafail #telstra,FALSE,1,BLKMGK01,6/04/2016 12:13,FALSE,7.17639E+17,7.17687E+17,42130622,"<a href=""http://twitter.com"" rel=""nofollow"">Twitter Web Client</a>",StaceyCopas,0,FALSE,FALSE,NA,NA
My newest article :) https://t.co/vYVrmqh4Oa take a look! #TelstraOutage #telstrafreedata #chattr,FALSE,0,NA,6/04/2016 11:50,FALSE,NA,7.17681E+17,NA,"<a href=""http://twitter.com/download/iphone"" rel=""nofollow"">Twitter for iPhone</a>",jessicaleaolson,0,FALSE,FALSE,NA,NA
@Telstra no adsl at 3435 #TelstraOutage here we go again time for some monetary compensation for lost services,FALSE,0,Telstra,6/04/2016 11:44,FALSE,NA,7.17679E+17,61636429,"<a href=""http://twitter.com/download/iphone"" rel=""nofollow"">Twitter for iPhone</a>",64daryl,0,FALSE,FALSE,NA,NA
"Hey @Telstra, no internet here at 3564  #TelstraOutage",FALSE,1,NA,6/04/2016 11:35,FALSE,NA,7.17677E+17,NA,"<a href=""http://twitter.com/download/iphone"" rel=""nofollow"">Twitter for iPhone</a>",RedDirt28,0,FALSE,FALSE,NA,NA
RT @claireseppings: @Telstra more #TelstraOutage no internet! What are you doing ?,FALSE,0,NA,6/04/2016 11:21,FALSE,NA,7.17674E+17,NA,"<a href=""http://twitter.com/download/iphone"" rel=""nofollow"">Twitter for iPhone</a>",Minxyferret,1,TRUE,FALSE,NA,NA
@Jordan_2k1 @Telstra Don't know but people are reporting issues I am also having issues https://t.co/Wn35npNE8v #TelstraOutage,FALSE,0,Jordan_2k1,6/04/2016 11:19,FALSE,7.17672E+17,7.17673E+17,2377828825,"<a href=""http://twitter.com"" rel=""nofollow"">Twitter Web Client</a>",habboqueenswag,0,FALSE,FALSE,NA,NA
@Telstra Lot's of problems right now getting pissed #TelstraOutage https://t.co/xwpGGwoW4A,FALSE,4,Telstra,6/04/2016 11:11,FALSE,NA,7.17671E+17,61636429,"<a href=""http://twitter.com"" rel=""nofollow"">Twitter Web Client</a>",habboqueenswag,0,FALSE,FALSE,NA,NA
@telstra no broadband again!!!!! #telstraoutage #behonest #whatsgoingon,FALSE,1,Telstra,6/04/2016 10:56,FALSE,NA,7.17667E+17,61636429,"<a href=""http://twitter.com/download/iphone"" rel=""nofollow"">Twitter for iPhone</a>",Little_lionroy,0,FALSE,FALSE,NA,NA
Looks like another #TelstraOutage Bendigo and Victoria. No data for the past 1 hour.,FALSE,2,NA,6/04/2016 10:43,FALSE,NA,7.17664E+17,NA,"<a href=""http://twitter.com/download/android"" rel=""nofollow"">Twitter for Android</a>",CMathercom,0,FALSE,FALSE,NA,NA
@Telstra checkout why broadband internet  &amp; wifi down in 3450 #TelstraOutage,FALSE,0,claireseppings,6/04/2016 10:30,FALSE,7.17655E+17,7.17661E+17,80962128,"<a href=""http://twitter.com/download/iphone"" rel=""nofollow"">Twitter for iPhone</a>",claireseppings,0,FALSE,FALSE,NA,NA
@Telstra more #TelstraOutage no internet! What are you doing ?,FALSE,4,Telstra,6/04/2016 10:06,FALSE,NA,7.17655E+17,61636429,"<a href=""http://twitter.com/download/iphone"" rel=""nofollow"">Twitter for iPhone</a>",claireseppings,1,FALSE,FALSE,NA,NA
@Telstra another #TelstraOutage at postcode 2022? This is getting beyond a joke!,FALSE,1,Telstra,6/04/2016 9:22,FALSE,NA,7.17644E+17,61636429,"<a href=""http://twitter.com/download/iphone"" rel=""nofollow"">Twitter for iPhone</a>",chiaragauja,0,FALSE,FALSE,NA,NA
I almost never have 4G these days @Telstra What happened to you? #whereismy4g #onebarreception #TelstraOutage #Telstra,FALSE,0,NA,6/04/2016 8:48,FALSE,NA,7.17635E+17,NA,"<a href=""http://twitter.com/download/android"" rel=""nofollow"">Twitter for Android</a>",jmelling,0,FALSE,FALSE,NA,NA
"@Telstra #incompetence 2 days after I report an outage that both you and @foxtel know nothing about, another #TelstraOutage is know known?",FALSE,0,Telstra,6/04/2016 7:28,FALSE,7.17614E+17,7.17615E+17,61636429,"<a href=""http://twitter.com/download/iphone"" rel=""nofollow"">Twitter for iPhone</a>",davidclloyd,0,FALSE,FALSE,NA,NA
@Telstra ADSL2+ in Surfside is so slow #TelstraOutage,FALSE,1,Telstra,6/04/2016 5:01,FALSE,NA,7.17578E+17,61636429,"<a href=""http://twitter.com"" rel=""nofollow"">Twitter Web Client</a>",habboqueenswag,0,FALSE,FALSE,NA,NA
#TelstraOutage again? No cable broadband in North Manly.,FALSE,0,NA,6/04/2016 3:25,FALSE,NA,7.17554E+17,NA,"<a href=""http://twitter.com/download/iphone"" rel=""nofollow"">Twitter for iPhone</a>",MarkNewton,0,FALSE,FALSE,NA,NA
"@Telstra reported outage with cable Broadband - 3184, yesterday effects @foxtel service, no updates even though they promised #TelstraOutage",FALSE,0,Telstra,6/04/2016 0:52,FALSE,NA,7.17515E+17,61636429,"<a href=""http://twitter.com/download/iphone"" rel=""nofollow"">Twitter for iPhone</a>",davidclloyd,0,FALSE,FALSE,NA,NA
Day 17 of #TelstraOutage @telstra interesting how the service status page isn't mobile friendly... #darkages https://t.co/6blD2R9djb,FALSE,1,NA,5/04/2016 23:09,FALSE,NA,7.17489E+17,NA,"<a href=""http://twitter.com/download/iphone"" rel=""nofollow"">Twitter for iPhone</a>",StaceyCopas,0,FALSE,FALSE,NA,NA
"WTF is this network @Telstra, couldn't even watch the movie online. #TelstraOutage #telstrafail. Is there any way I can get rid of this?",FALSE,0,NA,5/04/2016 12:01,FALSE,NA,7.17321E+17,NA,"<a href=""http://twitter.com/download/android"" rel=""nofollow"">Twitter for Android</a>",rjangra87,0,FALSE,FALSE,NA,NA
"RT @damitev: Umm yes I would @Telstra  if your service hadn't become as bad as @VodafoneAU used to be
#Vodafail #TelstraOutage https://t.co…",FALSE,0,NA,5/04/2016 11:52,FALSE,NA,7.17319E+17,NA,"<a href=""http://twitter.com/download/iphone"" rel=""nofollow"">Twitter for iPhone</a>",dr1337,3,TRUE,FALSE,NA,NA
RT @ajspeight1: Would love to have Internet access on my 4g card right now #telstra #TelstraOutage,FALSE,0,NA,5/04/2016 10:59,FALSE,NA,7.17306E+17,NA,"<a href=""https://mobile.twitter.com"" rel=""nofollow"">Mobile Web (M5)</a>",83NextGTX,1,TRUE,FALSE,NA,NA
"RT @damitev: Umm yes I would @Telstra  if your service hadn't become as bad as @VodafoneAU used to be
#Vodafail #TelstraOutage https://t.co…",FALSE,0,NA,5/04/2016 10:59,FALSE,NA,7.17306E+17,NA,"<a href=""https://mobile.twitter.com"" rel=""nofollow"">Mobile Web (M5)</a>",83NextGTX,3,TRUE,FALSE,NA,NA
@Telstra Unable to make calls/send texts/receive calls. Another #TelstraOutage ? Pcode 2047 <ed><U+00A0><U+00BD><ed><U+00B8><U+0090>,FALSE,0,Telstra,5/04/2016 8:57,FALSE,NA,7.17275E+17,61636429,"<a href=""http://twitter.com/download/android"" rel=""nofollow"">Twitter for Android</a>",itslouisa,0,FALSE,FALSE,NA,NA
@Telstra WTF??? #TelstraOutage #again!,FALSE,0,Telstra,5/04/2016 6:01,FALSE,NA,7.17231E+17,61636429,"<a href=""http://twitter.com/download/iphone"" rel=""nofollow"">Twitter for iPhone</a>",AdrienneBarrons,0,FALSE,FALSE,NA,NA
AGAIN?!?!? @Telstra no coverage! Don't tell me to turn my device off and on again! It's your problem not mine! #Telstra #TelstraOutage,FALSE,0,NA,5/04/2016 5:57,FALSE,NA,7.1723E+17,NA,"<a href=""http://twitter.com/download/iphone"" rel=""nofollow"">Twitter for iPhone</a>",nic790,0,FALSE,FALSE,NA,NA
RT @theheraldsun: .@Telstra network outages finally explained https://t.co/BdrisCvWeL #TelstraOutage https://t.co/OmN9KS7VZl,FALSE,0,NA,5/04/2016 2:49,FALSE,NA,7.17182E+17,NA,"<a href=""http://twitter.com/download/android"" rel=""nofollow"">Twitter for Android</a>",faa36fd9529344a,7,TRUE,FALSE,NA,NA
RT @theheraldsun: .@Telstra network outages finally explained https://t.co/BdrisCvWeL #TelstraOutage https://t.co/OmN9KS7VZl,FALSE,0,NA,5/04/2016 2:33,FALSE,NA,7.17178E+17,NA,"<a href=""http://twitter.com"" rel=""nofollow"">Twitter Web Client</a>",aussiebeachut,7,TRUE,FALSE,NA,NA
RT @theheraldsun: .@Telstra network outages finally explained https://t.co/BdrisCvWeL #TelstraOutage https://t.co/OmN9KS7VZl,FALSE,0,NA,5/04/2016 2:33,FALSE,NA,7.17178E+17,NA,"<a href=""http://twitter.com/download/iphone"" rel=""nofollow"">Twitter for iPhone</a>",nWo_girl,7,TRUE,FALSE,NA,NA
RT @theheraldsun: .@Telstra network outages finally explained https://t.co/BdrisCvWeL #TelstraOutage https://t.co/OmN9KS7VZl,FALSE,0,NA,5/04/2016 2:32,FALSE,NA,7.17178E+17,NA,"<a href=""http://twitter.com"" rel=""nofollow"">Twitter Web Client</a>",jpine1999,7,TRUE,FALSE,NA,NA
Would love to have Internet access on my 4g card right now #telstra #TelstraOutage,FALSE,2,NA,5/04/2016 2:03,FALSE,NA,7.17171E+17,NA,"<a href=""http://twitter.com/download/iphone"" rel=""nofollow"">Twitter for iPhone</a>",ajspeight1,1,FALSE,FALSE,NA,NA
"#Telstra's Free Data Day Leads To 1TB Usage By ONE Resident
read more: https://t.co/Y4tmq9w0LN

#TelstraOutage #Tech https://t.co/IZfxrXz8wA",FALSE,0,NA,5/04/2016 0:57,FALSE,NA,7.17154E+17,NA,"<a href=""http://twitter.com"" rel=""nofollow"">Twitter Web Client</a>",thegeekhub,0,FALSE,FALSE,NA,NA
Now my Messagebank is not available after missing an important call - Telstra is getting seriously random #telstrafail #TelstraOutage,FALSE,0,NA,4/04/2016 23:13,FALSE,NA,7.17128E+17,NA,"<a href=""http://twitter.com/download/iphone"" rel=""nofollow"">Twitter for iPhone</a>",ijfadams,0,FALSE,FALSE,NA,NA
